ID;Tag;Start;Dauer;Avg. HR;RMSSD;SDNN;pNN50;RRmin;RRmean;RRmax;LF;HF;LF/HF;Total
1;16.09.16;06:05:22;0:09:16;45.88348653;126.24;140.54;70.17;957;1307.66;1713;4631.27;5146.58;0.9;10123.84
2;15.09.16;06:02:20;0:09:00;43.15304948;158.44;168.14;74.15;1031;1390.4;1862;9092.6;6849.49;1.33;16885.63
3;14.09.16;06:04:41;0:09:10;45.70314285;159;182.46;74.7;660;1312.82;1817;5338.19;8879.82;0.6;15213.63
4;13.09.16;06:05:16;0:08:15;43.6037005;137.65;151.75;76.54;1055;1376.03;1921;5403.19;5080;1.06;10948.85
5;12.09.16;06:35:00;0:10:00;39.57783641;119.72;130.31;64.12;1107;1516;2074;4767.42;2906.28;1.64;7816.27
6;11.09.16;07:06:54;0:07:52;45.59928865;77.82;128.74;42.94;966;1315.81;1614;3398.78;910.47;3.73;4406.43
7;10.09.16;07:29:39;0:10:22;50.61241016;110.57;130.74;53.49;655;1185.48;1747;4116.99;11281.73;0.36;15767.92
8;09.09.16;06:38:41;0:10:29;48.03612316;107.07;134.82;62.15;664;1249.06;1692;2229.4;3810.64;0.59;6291.92
9;08.09.16;06:34:12;0:10:37;46.15136108;124.55;121.83;70.37;1007;1300.07;1726;2003.6;5199.58;0.39;7345.36
10;07.09.16;06:27:32;0:10:24;43.38143853;169.34;155.61;76.56;1004;1383.08;1945;2739.28;7143.58;0.38;10244.97
11;06.09.16;06:51:58;0:10:26;42.12063349;145.14;183.18;76.09;1036;1424.48;1894;3926.46;6009.55;0.65;10224.53
12;05.09.16;07:14:45;0:10:43;39.95604835;124.53;125.31;73.05;1198;1501.65;1875;2690.42;3200.38;0.84;6249.83
13;04.09.16;08:02:34;0:10:28;43.598631;113.91;144.87;60.89;1039;1376.19;1731;3353.7;2841.28;1.18;6787.45
14;03.09.16;07:34:58;0:10:10;39.33394519;147.58;143.61;71.57;1103;1525.4;1982;6071.74;3067.26;1.98;9633.76
15;02.09.16;07:45:31;0:10:57;45.14468873;110.69;142.58;57.77;675;1329.06;1756;2627.74;7150.78;0.37;10109.99
16;01.09.16;07:35:12;0:14:10;40.56054676;148.56;147.87;73.23;1082;1479.27;1883;6685.32;6015.62;1.11;13039.76
17;31.08.16;08:02:56;0:09:32;47.32868986;104.52;151.2;52.75;925;1267.73;2045;8067.03;4597.52;1.75;14285.88
18;30.08.16;07:43:12;0:16:24;40.14129737;162;164.38;75.12;709;1494.72;1997;6767.02;5793.26;1.17;12997.71
19;29.08.16;07:45:23;0:11:05;42.91968297;121.21;148.59;67.8;1029;1397.96;1784;4037.03;3564.82;1.13;8006.12
20;28.08.16;07:33:02;0:11:43;46.2028923;99.22;112.54;58.76;1028;1298.62;1738;3994.78;2672.09;1.5;6947.75
21;27.08.16;07:50:19;0:10:50;46.53254952;82.43;114.88;51.11;1088;1289.42;1680;2252.38;1254.63;1.8;3639.3
22;26.08.16;07:21:46;0:11:30;40.05688077;140.23;150.66;72.53;987;1497.87;1902;7383.83;3689.29;2;11898.33
23;25.08.16;07:41:13;0:10:09;45.88664469;125.68;155;64.25;715;1307.57;1732;4702.19;4357.41;1.08;9417.74
24;24.08.16;08:01:45;0:08:00;47.23330893;88.71;127.12;46.61;837;1270.29;1750;2680.26;2141.69;1.25;5322.97
25;23.08.16;07:44:56;0:09:03;45.3066125;114.3;136.3;60.15;1037;1324.31;1763;2721.41;3094.44;0.88;6471.33
26;22.08.16;07:25:22;0:10:18;44.58513532;152.71;181.51;68.06;929;1345.74;1784;8353.81;4278.41;1.95;13179.22
27;21.08.16;07:48:22;0:10:30;48.89776293;137.65;184.32;60.47;532;1227.05;1749;3819.43;4184.31;0.91;8774.9
28;20.08.16;07:10:43;0:10:12.627000;43.08920903;128;164.31;66.91;1000;1392.46;1835;7575.91;3785.35;2;11757.79
29;19.08.16;06:33:20;0:10:11.646000;46.04404881;142.4;173.75;69.98;956;1303.1;1716;5495.28;4442.62;1.24;10642.34
30;18.08.16;06:40:39;0:10:03.466000;48.79992843;100.49;143.02;63.61;700;1229.51;2188;4409.48;3543.7;1.24;8080.56
31;17.08.16;07:02:46;0:09:48.689000;53.26893711;70.45;108.72;39.79;949;1126.36;2039;1762.06;1771.34;0.99;3782.88
32;16.08.16;06:40:29;0:11:00.567000;46.13752057;137.43;176.36;68.42;951;1300.46;1788;3763.93;4457.28;0.84;9635.71
33;15.08.16;06:36:01;0:10:41.062000;46.38649225;123.59;179.5;67.65;935;1293.48;2100;6088.52;2877.01;2.12;9893.11
34;14.08.16;07:19:11;0:10:31.809000;49.81237339;90.85;113.56;61.12;958;1204.52;1526;2099.31;2301;0.91;4774.87
35;13.08.16;07:04:02;0:11:41.479000;47.31786565;121.65;174.76;67.13;700;1268.02;2180;8720.24;8606.44;1.01;18059.47
36;12.08.16;06:16:26;0:10:54.729000;49.78468125;84.32;111.33;51.51;890;1205.19;1553;1751.19;1855.08;0.94;3814.08
37;11.08.16;06:31:21;0:10:46.953000;43.09694658;115.6;142.99;64.4;1002;1392.21;1760;3363.58;2507.64;1.34;6096.9
38;10.08.16;06:27:33;0:10:04.900000;44.00181874;134.16;160.23;72.29;1031;1363.58;1775;5071.58;5246.02;0.97;10529.52
39;09.08.16;06:13:20;0:10:46.863000;46.3517324;142.01;157.84;69.2;1010;1294.45;1776;3149.24;4439.62;0.71;7760.54
40;08.08.16;06:35:01;0:10:16.669000;50.36218807;98.91;133.72;53.93;700;1191.37;1662;2916.53;2211.73;1.32;5990.02
41;07.08.16;07:12:54;0:11:12.829000;53.91901364;69.13;102.46;43.17;927;1112.78;1531;2195.77;1528.55;1.44;3842.5
42;06.08.16;07:07:39;0:10:32.009000;48.87744795;102.8;150.87;54.47;1006;1227.56;1747;1766.35;3492.91;0.51;5648.87
43;05.08.16;06:25:44;0:10:07.413000;47.90227935;107.76;127.62;61.89;992;1252.55;2129;3628.24;3425.39;1.06;7811.21
44;04.08.16;06:26:59;0:10:34.822000;46.39510068;120.37;164.23;65.87;700;1293.24;2162;3805.21;4078.75;0.93;8532.19
45;03.08.16;06:14:18;0:10:19.595000;44.6694461;129.25;125.34;74.5;1028;1343.2;1767;1908.06;4726.96;0.4;6866.61
46;02.08.16;06:27:26;0:10:22.517000;41.20086796;126.83;131.78;65.38;1104;1456.28;1849;5269.6;2519.28;2.09;7999.92
47;01.08.16;06:27:39;0:10:35.487000;40.14210304;118.19;134.92;70.88;1151;1494.69;1816;6657.45;3165.15;2.1;10313.88
48;31.07.16;06:58:22;0:10:02.130000;39.52621247;42.87;62.93;19.75;1283;1517.98;1664;1235.53;94.71;13.05;1389.08
49;30.07.16;07:04:51;0:10:50.685000;45.72578248;114.23;157.07;62.16;995;1312.17;1738;3487.45;3554.98;0.98;7333.98
50;29.07.16;06:27:48;0:10:40.718000;43.00242964;122.68;129.15;74.66;1046;1395.27;1814;3340.83;2907.1;1.15;6985.26
51;28.07.16;06:30:12;0:09:29.643000;45.22703974;118.71;149.64;68.16;1016;1326.64;1735;2050.8;3618.06;0.57;6235.08
52;27.07.16;06:30:04;0:10:49.560000;43.75250665;113.98;156.83;65.86;1063;1371.35;1806;5032.07;2886.8;1.74;8124.21
53;26.07.16;06:30:30;0:10:18.417000;42.79570046;128.57;131.82;72.94;1120;1402.01;1772;2610.88;3207.77;0.81;5940.83
54;25.07.16;06:27:41;0:10:36.456000;39.26675873;133.12;129.73;74.15;1085;1528.01;1904;7321.24;3208.96;2.28;11006.38
55;24.07.16;06:53:03;0:10:29.201000;44.36622843;108.13;155.37;56.67;1053;1352.38;1853;2665.96;2265.43;1.18;5974.95
56;23.07.16;07:14:14;0:11:19.010000;44.43127962;140.96;193.02;64.71;700;1350.4;2148;15799.74;5412.87;2.92;22689.91
57;22.07.16;06:20:49;0:09:07.134000;46.1088014;144.37;162.31;67.43;1038;1301.27;1790;6624.41;4945.65;1.34;11880.75
58;21.07.16;06:33:34;0:10:21.401000;42.73230348;105.79;139.18;60.28;1004;1404.09;1800;7008;2358.3;2.97;10130.62
59;20.07.16;06:35:06;0:12:14.049000;50.45535962;100.42;129.44;54.69;700;1189.17;1698;4027.99;2528.4;1.59;6629.72
60;19.07.16;06:36:37;0:10:16.949000;41.00293171;132.8;148.73;70.2;1014;1463.31;1938;7600.07;4997.46;1.52;13015.48
61;17.07.16;06:40:34;0:12:27;46.76502911;123.14;155.94;64.11;981;1283.01;1739;3000.72;4727.18;0.63;8188.3
62;16.07.16;07:19:03;0:10:26;46.9968982;114.82;158.03;62.16;662;1276.68;1695;5202.53;5337.32;0.97;11088.86
63;15.07.16;06:11:39;0:10:57;44.08004937;120.51;145.1;72.92;1049;1361.16;1740;3120.31;3475.03;0.9;6836.58
64;14.07.16;06:24:02;0:10:57;44.45728766;153.66;161.92;71.55;937;1349.61;1786;5687.53;4713.86;1.21;10830.26
65;13.07.16;06:23:58;0:10:43;46.54085123;137.12;145.15;69.39;962;1289.19;1762;4007.26;4908.22;0.82;9191.74
66;12.07.16;06:23:00;0:12:41;41.56160816;136.64;145.32;72.76;979;1443.64;1888;6749.46;4756.31;1.42;12052.4
67;11.07.16;06:21:23;0:09:28;41.84946747;148.02;137.1;77.1;1082;1433.71;1801;3519.05;4042.9;0.87;7771.63
68;10.07.16;06:56:44;0:10:05;45.6443846;161.31;177.01;72.63;732;1314.51;1791;6283.42;6885.84;0.91;13638.5
69;09.07.16;07:06:39;0:10:02;52.87182108;106.72;155.14;44.72;630;1134.82;1707;5425.09;4643.06;1.17;10778.7
70;08.07.16;06:18:57;0:10:23;48.35706859;104.01;142.69;53.41;832;1240.77;1750;4373.32;3821.09;1.14;8535.18
71;07.07.16;06:19:15;0:10:23.940000;47.03926995;125.85;151.27;61.01;946;1275.53;1729;3498.97;2943.49;1.19;6773.15
72;06.07.16;06:43:06;0:10:26;49.00639533;100.48;128.52;60.16;965;1224.33;2013;2942.11;2064.39;1.43;5615.39
73;05.07.16;06:25:45;0:10:21;44.21550638;143.48;177.18;71.46;684;1356.99;1740;4155.17;4116.22;1.01;8666.34
74;04.07.16;06:25:15;0:10:40;43.82216964;159.91;200.3;73.75;757;1369.17;1816;7968.6;5137.97;1.55;13799.12
75;03.07.16;07:22:03;0:10:25;46.63200354;122.66;147.33;62.79;679;1286.67;1688;5642.79;4033.8;1.4;10124.59
76;02.07.16;06:56:47;0:10:59;47.59411737;97.58;144.16;53.58;999;1260.66;1717;1847.06;2054.13;0.9;4230.19
77;01.07.16;06:17:18;0:10:08;49.50821836;72.84;102.44;47.88;916;1211.92;1520;2215.25;1633.81;1.36;3920.1
78;30.06.16;06:29:36;0:10:54;43.33037242;136.3;147.34;77.14;1116;1384.71;1762;2897.76;4475.79;0.65;7702.47
79;29.06.16;06:19:16;0:10:23.559000;45.04504505;112.62;134.94;66.01;1095;1332;1777;2807.85;2711.94;1.04;5753.62
80;28.06.16;06:22:18;0:10:19.199000;43.65350756;116.29;151.51;72.23;1008;1374.46;1758;3034.32;3239.79;0.94;6521.16
81;28.06.16;06:22:11;0:10:22;43.54894902;120.4;153.39;69.71;1007;1377.76;1790;2879.36;3390.06;0.85;6443.74
82;27.06.16;06:20:52;0:10:02;42.19082912;126.86;143.02;72.55;1011;1422.11;1815;2224.75;3152.3;0.71;5740.29
83;26.06.16;06:43:06;0:11:02;44.2807696;129.08;163.29;73.5;1020;1354.99;1782;3209.72;3832.96;0.84;7487.72
84;25.06.16;07:10:24;0:10:47;49.87614092;94.59;122.95;57.68;958;1202.98;1616;1602.56;2609.71;0.61;5032.24
85;24.06.16;06:10:53;0:10:07;45.90525156;131.23;186.04;70.22;656;1307.04;1779;3753.94;4007.81;0.94;8656.7
86;23.06.16;06:23:49;0:10:50;49.59702418;119.61;181.4;60.15;663;1209.75;2186;9936.16;9327.69;1.07;21989.46
87;22.06.16;06:10:56;0:10:41;43.0039707;201.39;186.25;79.6;684;1395.22;1900;9644.54;9417.14;1.02;19764.43
88;20.06.16;06:15:36;0:10:14;45.83196474;140.47;159.63;71.02;716;1309.13;2170;8309.71;6893.28;1.21;15524.17
89;19.06.16;07:19:59;0:10:30;49.72279542;146.2;165.79;63.6;644;1206.69;1730;7352.6;6958.29;1.06;15041.66
90;18.06.16;07:01:52;0:10:23.735000;49.06450347;105.38;133.14;59.35;700;1222.88;1590;3936.68;3301.23;1.19;7283.96
91;17.06.16;06:30:40;0:10:29;49.01320089;132.4;155.43;61.51;883;1224.16;1814;4819.48;4895.38;0.98;10168.64
92;16.06.16;06:25:55;0:10:26;46.46624227;159.73;170.62;73.19;654;1291.26;1860;4026.74;6213.14;0.65;10195.62
93;15.06.16;06:27:28;0:10:19;52.12994257;102.16;121.55;57.9;920;1150.97;1675;3613.12;3792.34;0.95;7613.04
94;14.06.16;06:24:45;0:10:26;44.44905398;145.65;180.63;72.33;982;1349.86;1883;5331.41;6050.04;0.88;12080.27
95;13.06.16;06:28:53;0:10:26;45.97207962;177.87;163.63;74.21;647;1305.14;2177;12410.02;9774.34;1.27;22944.37
96;12.06.16;07:07:30;0:10:34.563000;41.91612583;169.11;171.19;81.73;1117;1431.43;2192;7000.57;5742.95;1.22;14895.74
97;11.06.16;06:15:26;0:10:25;50.06842685;83.31;97.78;50.58;1018;1198.36;1695;2707.4;1869.18;1.45;4718.07
98;10.06.16;06:09:51;0:10:43;44.84137364;146.87;190.04;70.89;902;1338.05;1772;5127.19;5687.12;0.9;11200.16
99;09.06.16;06:20:57;0:11:11;46.65194539;159.36;177.34;69.62;700;1286.12;1742;5739.38;6502.52;0.88;12636.83
100;08.06.16;06:20:31;0:10:52;49.94131895;73.63;94.68;49.25;994;1201.41;1524;1868.07;1469.12;1.27;3478.73
101;07.06.16;06:19:32;0:10:12;42.32863956;166.99;155.8;80.32;1076;1417.48;1826;4078.26;5904.53;0.69;10267.4
102;06.06.16;06:13:40;0:09:36.731000;42.65695984;132.64;150.61;73.07;1104;1406.57;1887;4632.75;3778.04;1.23;8563.16
103;05.06.16;07:02:39;0:11:12;47.17426172;102.26;121.84;60.61;1036;1271.88;1731;1278.5;2443.97;0.52;3996.95
104;04.06.16;06:48:41;0:10:18;46.91495101;104.74;112.04;67.01;1050;1278.91;1730;1352.79;2939.34;0.46;4587.16
105;03.06.16;06:07:54;0:10:08;41.80077749;180.91;203.88;73.58;714;1435.38;1869;6129.45;6363.24;0.96;12992.29
106;02.06.16;06:32:51;0:10:00;47.21286708;137.34;178.78;66.88;942;1270.84;1745;4395.57;4138.92;1.06;9014.57
107;01.06.16;06:15:15;0:10:35;45.56016219;161;182.06;75.21;610;1316.94;1761;10086.04;7402.7;1.36;17879.91
108;31.05.16;06:36:46;0:09:37;44.92161179;133.52;136.4;69.53;1057;1335.66;1703;3572.74;4951.13;0.72;9072.47
109;30.05.16;06:34:44;0:09:43;48.39646383;106.98;139.45;58.32;1004;1239.76;1701;1581.94;2023.33;0.78;3778.83
110;29.05.16;07:12:54;0:10:06;46.8113658;136.28;160.66;67.45;1005;1281.74;1742;3053.12;4457.33;0.68;8305.5
111;28.05.16;06:48:20;0:14:20;46.2324413;158.41;184.1;66.72;672;1297.79;1789;5416.93;8881.51;0.61;14606.43
112;27.05.16;06:23:48;0:10:10;46.67553502;113.24;128.19;67.67;1037;1285.47;1625;2598.47;3781.27;0.69;6634.5
113;26.05.16;06:49:37;0:10:06;45.22976722;134.44;173.02;71.08;1000;1326.56;1741;3040.51;4424.13;0.69;7651.31
114;25.05.16;06:35:37;0:10:46;48.59637471;103.67;132.5;60.38;954;1234.66;1644;2485.38;3021.53;0.82;5818.72
115;24.05.16;06:26:10;0:10:58;44.92564805;124.85;145.65;71.84;978;1335.54;1738;2987.58;3880.2;0.77;7202.35
116;23.05.16;06:22:32;0:10:05;44.73572371;131.07;165.46;72.99;935;1341.21;1728;2746.68;3579.83;0.77;6672.89
117;22.05.16;06:27:26;0:10:50;45.73902835;118.08;140.38;65.18;734;1311.79;1698;2499.94;2829.23;0.88;5770.02
118;21.05.16;06:45:10;0:10:36;50.23779222;106.18;161.89;60.61;847;1194.32;1721;3483.72;3378.54;1.03;7534.42
119;20.05.16;06:22:27;0:10:56;51.0755663;79.73;112.27;51.53;885;1174.73;1541;2482.76;1908.02;1.3;4648.61
120;19.05.16;06:25:40;0:10:08;48.70287996;102.44;134.52;57.87;888;1231.96;1737;3179.75;2863.45;1.11;6231.5
121;18.05.16;06:32:02;0:10:04;55.8638412;45.22;61.79;26.7;840;1074.04;1271;765.67;721.5;1.06;1547.21
122;17.05.16;06:46:44;0:10:18;48.29751268;134.11;154.11;72.67;905;1242.3;1706;3999.46;6707.37;0.6;11005.42
123;16.05.16;06:59:14;0:11:03;51.42005039;97.13;128.34;57.8;903;1166.86;1594;2826.54;2437.2;1.16;5592.88
124;15.05.16;06:45:13;0:10:33;47.50104898;102.89;97.75;70.22;1039;1263.13;1640;1525.4;3155.72;0.48;4812.48
125;14.05.16;07:07:11;0:10:07;48.55508169;102.88;111.95;63.6;1008;1235.71;1578;2476.39;3099.07;0.8;5853.99
126;13.05.16;06:16:41;0:10:38;47.64097759;104.18;117.35;66;893;1259.42;1659;3100.26;3141.4;0.99;6358.99
127;12.05.16;06:22:13;0:10:20;45.96926189;141.91;164.08;73.09;928;1305.22;1847;4451.78;4639.86;0.96;9426.08
128;11.05.16;06:23:58;0:10:20;49.11872815;122.05;110.35;36.25;938;1221.53;1628;2345.77;4029.29;0.58;6647.27
129;10.05.16;06:25:52;0:10:33;48.0653689;116.39;124.66;36.25;986;1248.3;1866;1859.39;3587.47;0.52;5597.57
130;09.05.16;06:15:27;0:09:14.445000;46.76247779;102.78;127.54;33.57;998;1283.08;1651;3453.62;2597.48;1.33;6365.11
131;08.05.16;06:53:44;0:10:46.701000;44.94180037;133.96;152.62;40.52;1047;1335.06;1826;3354.66;4995.9;0.67;8835.31
132;07.05.16;06:10:20;0:10:07;44.24028373;138.91;148.15;77.93;989;1356.23;1797;2982.38;4934.14;0.6;8151.37
133;06.05.16;06:30:57;0:09:52.222000;46.91091617;115.28;146.77;37.14;1036;1279.02;1807;2513.62;3621.56;0.69;6359.4
134;05.05.16;06:33:36;0:10:17.279000;47.96508142;115.01;137.02;35.77;895;1250.91;1835;3109.78;4080.39;0.76;7461.11
135;04.05.16;06:28:41;0:10:05.122000;46.27630036;137.41;154.4;39.91;983;1296.56;1844;2272.25;6440.96;0.35;9172.96
136;03.05.16;06:32:01;0:10:35.910000;47.07765459;105.81;111.88;35.33;1000;1274.49;1708;1676.67;3688.22;0.45;5607.75
137;02.05.16;06:32:25;0:10:45.310000;42.21784408;136.06;155.96;39.2;1104;1421.2;1872;3201;5021.71;0.64;8382.54
138;01.05.16;06:55:20;0:10:01.596000;50.12447578;115.01;122.45;36.33;700;1197.02;1624;2069.91;4148.68;0.5;6541.57
139;30.04.16;06:58:41;0:12:09.974000;48.15216083;97.66;143.91;29.82;987;1246.05;1769;2942.4;2219.98;1.33;5304.16
140;29.04.16;06:33:29;0:10:07.544000;46.27665728;138.54;147.14;39.25;972;1296.55;1752;3351.41;7475.55;0.45;11133.3
141;28.04.16;06:36:17;0:10:57.882000;47.72889985;111.12;124.75;36.52;700;1257.1;1656;2278.31;4154.49;0.55;6398.83
142;27.04.16;06:31:23;0:10:26.335000;45.79663242;129.28;144.54;37.63;1043;1310.14;1809;3115.08;5497.15;0.57;8705.44
143;26.04.16;06:29:43;0:10:07.726000;46.47812042;120.11;137.24;36.83;1014;1290.93;1745;1428.14;4154.25;0.34;5878.97
144;25.04.16;06:18:32;0:08:04.402000;43.24604839;128.81;118.15;40.35;1087;1387.41;1750;1089.38;5196.14;0.21;6521.95
145;24.04.16;07:04:08;0:10:15.839000;47.51910664;103.53;125.64;33.89;1008;1262.65;1720;2418.42;3122.42;0.77;5908.64
146;23.04.16;06:40:04;0:11:36.757000;48.7717644;137.45;129.03;36.75;700;1230.22;1857;2145.26;5819.12;0.37;8181.18
147;22.04.16;06:20:43;0:08:53.683000;48.16453003;106.43;111.38;37.17;945;1245.73;1576;1729.28;4768.73;0.36;6904.89
148;21.04.16;06:35:57;0:10:03.646000;47.59411737;114.16;108.78;36.09;921;1260.66;1619;3308.8;4156.38;0.8;7663.47
149;20.04.16;06:34:41;0:09:30.476000;49.35955971;100.61;122.07;31.87;995;1215.57;1771;4507.45;2841.51;1.59;7794.35
150;19.04.16;06:31:53;0:10:20.120000;45.79523424;132.08;143.58;41.04;962;1310.18;1733;2016.35;4756.48;0.42;7009.73
151;18.04.16;06:30:47;0:10:02.380000;39.30431365;163.4;173.19;40.11;1014;1526.55;2017;10054.76;6187.45;1.63;17731.02
152;17.04.16;07:12:57;0:10:16.871000;47.02083807;102.79;117.39;33.05;1002;1276.03;1852;3202.01;3213.78;1;6861.04
153;16.04.16;07:27:46;0:10:01.565000;47.44395683;107.4;134.21;32.91;998;1264.65;1675;2475.15;3133.25;0.79;5841.13
154;15.04.16;06:15:04;0:10:26.127000;45.29088068;152.5;155.96;37.58;984;1324.77;2152;2608.88;5352.88;0.49;8300.31
155;14.04.16;06:25:16;0:11:00.457000;42.83450176;125.07;140.16;40.52;700;1400.74;1801;2353.8;3344.51;0.7;5989.21
156;13.04.16;06:28:21;0:07:04.438000;46.8263445;167.1;170.52;37.78;940;1281.33;1813;3515.3;7813.67;0.45;11957.43
157;12.04.16;06:29:23;0:10:10.770000;46.71223705;112.55;125.43;33.55;938;1284.46;1758;2863.23;3340.35;0.86;6674.17
158;11.04.16;06:13:46;0:09:09.941000;41.54865694;150.24;139.72;40.8;1166;1444.09;1793;3091.37;5558.4;0.56;8962.3
159;10.04.16;05:53:57;0:09:12.482000;43.20369824;159.43;141.25;40;1121;1388.77;1876;3260.89;5272.12;0.62;9035.47
160;09.04.16;07:02:13;0:10:30.305000;45.63639959;102.97;114.65;33.05;1068;1314.74;1735;3091.83;3385.37;0.91;6781.77
161;08.04.16;06:18:12;0:09:10.351000;45.06771424;110;119.05;36.61;1061;1331.33;1718;1600.98;3336.52;0.48;5240.14
162;07.04.16;06:23:48;0:10:06.563000;46.14603682;120.04;126.51;39.12;988;1300.22;1759;2392.39;4677.28;0.51;7754.11
163;06.04.16;06:26:43;0:10:19.156000;42.70857802;157.83;174.71;40.38;881;1404.87;1798;4065.26;5614.49;0.72;10628.87
164;05.04.16;07:09:29;0:10:44.425000;46.42848852;95.17;131.16;27.03;972;1292.31;1866;1628.33;1880.38;0.87;3706.31
165;04.04.16;06:27:34;0:10:19.867000;40.19911964;110.84;127.72;35.77;1208;1492.57;1801;2857.39;2218.09;1.29;5571.66
166;03.04.16;07:21:07;0:10:28.567000;43.32974659;82.85;104.11;24.22;1006;1384.73;1732;1385.35;1574.53;0.88;3157.56
167;02.04.16;07:10:25;0:10:09.503000;42.28896047;114.8;150.13;31.91;1071;1418.81;1873;2774.04;4460.44;0.62;7361.5
168;01.04.16;06:37:23;0:10:01.205000;41.54060248;146.37;159.69;42.05;968;1444.37;1822;2193.3;5357.3;0.41;8673.11
169;31.03.16;06:34:42;0:10:01.106000;40.69866034;137.82;136.76;44.42;1098;1474.25;2127;3002.38;4324.69;0.69;7690.54
170;30.03.16;06:38:27;0:10:04.162000;40.02775258;145.08;142.1;41.25;1073;1498.96;1854;1916.79;4719.3;0.41;6755.46
171;29.03.16;07:34:31;0:09:33.560000;43.52020425;123.46;114.18;39.9;1130;1378.67;1728;1525.17;3906.18;0.39;5447.62
172;28.03.16;07:17:16;0:09:57.538000;42.9544039;129.64;132.62;37.77;1125;1396.83;1788;1851.17;4736.97;0.39;6765.06
173;27.03.16;07:21:43;0:10:01.129000;40.86692367;166.3;140.7;43.35;1152;1468.18;1845;2300.89;8314.56;0.28;10983.2
174;26.03.16;05:55:15;0:10:05.410000;42.67000441;120.61;153.97;36.62;1105;1406.14;1842;1561.22;4407.31;0.35;6177.69
175;25.03.16;06:04:59;0:10:01.803000;46.29236716;107.3;126.68;37.91;1045;1296.11;1676;1101.2;3673.44;0.3;4990.8
176;24.03.16;05:30:32;0:09:38.558000;45.37342327;111.1;133.83;39.03;1006;1322.36;1813;1167.4;3819.08;0.31;5110.75
177;23.03.16;05:17:56;0:09:30.881000;43.98278807;169.11;174.49;43.29;700;1364.17;1850;3325.14;6097.08;0.55;9758.78
178;22.03.16;05:31:13;0:10:00.969000;45.95482641;114.41;135.46;35.53;948;1305.63;1735;1286.7;3652.02;0.35;5018.32
179;21.03.16;05:20:04;0:09:28.018000;42.26334289;138.27;133.08;43.32;1061;1419.67;1805;1905.97;5267.79;0.36;7376.68
180;20.03.16;06:02:10;0:11:03.411000;46.18510992;120.07;141.98;36.63;983;1299.12;1720;1983.9;4828.34;0.41;7477.67
181;19.03.16;06:21:50;0:10:15.228000;45.35798792;125.68;165.84;38.72;798;1322.81;1713;6975.04;4707.11;1.48;12534.71
182;18.03.16;05:20:08;0:10:17.079000;45.08227515;123.67;123.42;38.56;1059;1330.9;1668;2365.68;4957.19;0.48;7472.56
183;17.03.16;05:33:01;0:10:15.424000;45.48762737;107.36;132.8;38.43;975;1319.04;1736;2368.81;2944.82;0.8;5943.99
184;16.03.16;05:32:58;0:10:40.979000;48.92288123;106.82;127.72;33.33;908;1226.42;1743;2839.33;4607.3;0.62;7871.82
185;15.03.16;05:31:23;0:10:15.666000;41.57860088;102.83;127.01;31.68;1134;1443.05;1850;3594.47;2293.65;1.57;5992.29
186;14.03.16;05:31:19;0:11:00.187000;43.9892373;132.01;150.1;39.33;977;1363.97;1770;2089.38;4352.87;0.48;7175.94
187;13.03.16;05:53:22;0:11:12.723000;46.90138203;103.96;140.94;27.8;700;1279.28;1671;2452.17;2236.84;1.1;5050.69
188;12.03.16;05:43:14;0:11:02.952000;45.11820971;111.24;159.61;30.18;948;1329.84;1707;3241.56;2619.68;1.24;6996.24
189;11.03.16;05:16:48;0:10:03.181000;44.20638488;118.63;143.89;37.5;1016;1357.27;1749;3041.04;3287.78;0.92;6935.36
190;10.03.16;05:35:08;0:10:06.873000;44.74740092;138.82;157.96;39.22;942;1340.86;1823;2796.97;6574.23;0.43;9793.44
191;09.03.16;05:33:55;0:10:44.627000;50.68252467;90.38;116.1;28.44;991;1183.84;1793;1691.6;2190.34;0.77;4008.95
192;08.03.16;05:32:01;0:11:28.432000;46.47200062;107.11;120.91;36.83;1026;1291.1;1691;1405.32;2907.86;0.48;4431.72
193;07.03.16;05:16:25;0:10:03.493000;43.62557622;124.52;148.57;38.62;1049;1375.34;1756;2257.16;4051.16;0.56;6535
194;06.03.16;05:53:16;0:10:29.806000;45.79069075;130.5;151.49;37.63;1016;1310.31;1736;2786.91;4557.09;0.61;7598.4
195;05.03.16;06:24:37;0:11:47.220000;51.66846071;79.14;88;28.5;924;1161.25;1431;1089.02;1843.28;0.59;3191.19
196;04.03.16;05:16:00;0:10:29.460000;50.57572028;100.91;114;31.33;910;1186.34;1745;1783.69;2615.89;0.68;4468.71
197;03.03.16;05:32:32;0:10:22.151000;49.43764677;106.86;158.15;30.65;750;1213.65;1771;3470.32;3716.32;0.93;8025.43
198;02.03.16;05:15:20;0:11:09.235000;46.92008727;116.01;117.04;38.74;984;1278.77;1633;1429.3;4311.89;0.33;5878.71
199;01.03.16;05:31:49;0:10:09.012000;46.37501932;138.54;170.71;36.5;985;1293.8;1790;5748.13;6211.19;0.93;12291.72
200;29.02.16;05:33:43;0:10:01.664000;49.95961598;89.48;100.79;31.44;983;1200.97;1555;2060.57;2741.63;0.75;5031.75
201;28.02.16;06:03:08;0:10:13.773000;50.90051494;89.87;133.49;28.96;692;1178.77;1540;2894.88;1884.28;1.54;5273.9
202;27.02.16;05:48:05;0:10:25.994000;49.59497438;105.64;128.86;33.67;700;1209.8;1763;2486.52;3031.48;0.82;5830.33
203;26.02.16;05:20:04;0:10:02.147000;52.33957919;89.57;125.44;25.76;806;1146.36;1633;2315.14;2048.22;1.13;4387.65
204;25.02.16;05:31:09;0:10:13.960000;52.48150027;79.6;111.56;23.27;881;1143.26;1597;3173.2;2206.67;1.44;5589.06
205;24.02.16;05:31:18;0:10:01.347000;50.93724531;85.95;113.24;26.27;854;1177.92;1631;3093.98;2642.96;1.17;6135.22
206;23.02.16;05:31:09;0:10:38.162000;47.63227881;90.8;108.47;33.33;938;1259.65;1600;2048.59;2548.11;0.8;4803.25
207;22.02.16;05:23:00;0:10:01.191000;45.16745835;124.61;116.15;38.32;1106;1328.39;1807;2079.6;4645.79;0.45;6935.29
208;21.02.16;06:10:08;0:11:07.324000;42.74691688;133.48;103.66;42.37;1191;1403.61;1777;734.28;3858.99;0.19;4703.45
209;20.02.16;06:15:03;0:10:43.728000;47.71068242;104.67;163.08;31.61;726;1257.58;1644;2102.22;3310.05;0.64;5876.97
210;19.02.16;05:18:39;0:10:40.995000;43.32036129;147.52;116.52;37.64;1120;1385.03;1733;2063.7;5159.83;0.4;7371.49
211;18.02.16;05:33:01;0:10:11.982000;42.83205551;177.62;142.68;41.9;994;1400.82;1822;6873.26;7882.26;0.87;15147.38
212;17.02.16;05:31:11;0:10:15.786000;45.50591198;164.61;157.84;41.33;983;1318.51;1920;4195.38;7131.39;0.59;11982.81
213;16.02.16;05:42:11;0:09:22.870000;46.40227681;117.21;115.43;37.97;999;1293.04;1631;2328.43;4847.05;0.48;7878.46
214;15.02.16;05:37:50;0:10:07.452000;43.16329393;138.49;115.57;40.78;1116;1390.07;1767;1195.77;5667.03;0.21;6977.47
215;14.02.16;06:31:30;0:10:57.254000;41.0739468;151.67;108.41;44.2;1211;1460.78;1769;889.13;7468.19;0.12;8236.12
216;13.02.16;06:57:15;0:08:41.393000;48.89059101;88.95;124.39;26.62;967;1227.23;1817;3388.82;2588.25;1.31;6233.64
217;12.02.16;06:21:52;0:10:33.238000;40.21959901;140.83;129.43;38.81;1151;1491.81;1896;3929.58;4181.84;0.94;8780.09
218;11.02.16;05:40:24;0:10:46.854000;40.20935672;148.91;113.97;39.49;1191;1492.19;1825;2301.73;4573.24;0.5;7039.59
219;10.02.16;06:16:57;0:10:10.653000;42.93657552;103.01;99.65;34.65;1133;1397.41;1637;1558.61;2390.31;0.65;4127.36
220;09.02.16;06:29:21;0:10:27.972000;42.67850284;115.22;128.03;35.29;1110;1405.86;1734;2382.32;2583.29;0.92;5152.46
221;08.02.16;06:07:59;0:10:34.965000;46.05147019;92.12;92.3;29.79;1022;1302.89;1624;1496.7;1751.2;0.85;3383.13
222;07.02.16;06:48:05;0:10:02.526000;43.13970794;135.4;119.12;39.95;1145;1390.83;1731;1872.5;5954.4;0.31;7999.01
223;06.02.16;06:14:36;0:10:14.670000;44.05480418;128.43;141.42;40.41;1042;1361.94;1758;1797.13;4445.51;0.4;6334.87
224;05.02.16;05:20:39;0:10:03.574000;43.76303774;133.53;128.2;40.73;1137;1371.02;1754;1940.05;5107.95;0.38;7169.63
225;04.02.16;05:41:49;0:10:23.366000;41.61031936;150.84;163.34;38.5;1074;1441.95;1827;5596.06;4937.02;1.13;10870
226;03.02.16;05:44:45;0:10:47.120000;48.9612064;82.75;77.05;33.21;979;1225.46;1531;953.96;1905.89;0.5;2937.46
227;02.02.16;05:43:31;0:10:33.869000;45.88278478;101.81;128.43;33.68;968;1307.68;1663;1338.24;1977.35;0.68;3418.38
228;01.02.16;05:25:36;0:10:06.868000;41.6603019;146.81;189.02;38.65;1035;1440.22;1884;5494.97;5099.2;1.08;11302.87
229;31.01.16;06:08:57;0:10:52.143000;46.86108811;108.16;133.74;35.06;986;1280.38;1720;1670.17;3118;0.54;4810.27
230;30.01.16;06:39:14;0:10:13.458000;45.98652595;105.36;133.17;34.7;999;1304.73;1695;2273.39;3009.06;0.76;5481.28
231;29.01.16;05:03:33;0:10:08.412000;48.45626418;87.29;87.42;33.81;1049;1238.23;1579;923.2;2572.78;0.36;3655.23
232;28.01.16;05:30:35;0:10:14.877000;45.57088932;109.81;156.21;32.83;942;1316.63;1857;1309.03;3153.48;0.42;4834.71
233;27.01.16;05:39:04;0:11:04.066000;48.01574917;100.22;152.9;35.22;746;1249.59;1656;2608.81;2903.66;0.9;5667.08
234;26.01.16;05:37:09;0:10:16.966000;41.78214788;145.98;179.3;40.14;979;1436.02;1900;5577.84;5168.76;1.08;11106.68
235;25.01.16;05:38:10;0:10:37.879000;40.9777286;141.3;127.93;40.93;1186;1464.21;1838;2700.96;4375.65;0.62;7211.42
236;24.01.16;06:21:46;0:11:27.579000;43.44740691;124;132.67;39.88;1104;1380.98;1730;2323.3;3792.24;0.61;6130.96
237;23.01.16;06:05:00;0:11:02.122000;44.84137364;132.34;131.57;39.63;1076;1338.05;1730;2116.62;4655.38;0.45;6890.29
238;22.01.16;05:19:25;0:10:24.055000;40.86358374;162.89;164.58;40.57;1123;1468.3;1929;4037.96;6311.6;0.64;10748.31
239;21.01.16;05:32:29;0:11:22.747000;44.56592786;153.93;151.88;41.77;1006;1346.32;1775;4127.36;6859.92;0.6;11214.02
240;20.01.16;05:35:38;0:11:01.736000;43.70374687;148;141.88;41.6;992;1372.88;1771;1720.38;5337.33;0.32;7173.41
241;19.01.16;05:40:36;0:10:01.174000;41.81242944;180.13;203.5;38.89;938;1434.98;1890;4259.66;7802.72;0.55;12692.07
242;18.01.16;05:21:15;0:10:01.467000;41.1339252;148.77;138.52;41.81;1151;1458.65;1839;2723.68;4539.85;0.6;7384.03
243;17.01.16;06:04:24;0:11:05.285000;44.64651125;152.41;161.06;39.49;700;1343.89;1849;3706.72;6162.34;0.6;10450.45
244;16.01.16;06:10:46;0:12:09.155000;45.47590535;152.15;127.43;43.23;1018;1319.38;1640;2420.22;6252.33;0.39;8624.08
245;15.01.16;05:21:52;0:10:01.418000;47.17945492;132.49;167.22;37.2;977;1271.74;1728;3425.88;4689.7;0.73;9007.98
246;14.01.16;05:37:18;0:11:06.545000;46.43208147;128.1;153;36.74;945;1292.21;1759;2245.53;4020.84;0.56;6502.69
247;13.01.16;05:38:18;0:10:27.649000;47.85261395;119.82;133.23;35.74;953;1253.85;1774;2417.23;3148.22;0.77;5905.05
248;12.01.16;05:36:55;0:10:13.400000;42.0424208;178.85;175.17;40.53;1016;1427.13;2164;5739.94;8228.76;0.7;14154.14
249;11.01.16;05:35:28;0:10:23.253000;42.15555399;145.11;175.13;40.18;970;1423.3;1890;3930.5;4732.99;0.83;9657.59
250;10.01.16;06:39:37;0:10:01.532000;51.78529815;76.46;106.92;27.79;912;1158.63;1591;1159.97;1920.58;0.6;3191.13
251;09.01.16;06:30:54;0:11:02.426000;47.63984279;105.92;112.82;36.68;973;1259.45;1616;2462.13;2862.73;0.86;5879.76
252;08.01.16;05:39:13;0:11:01.209000;49.83223149;84.68;113.48;29.81;915;1204.04;1584;1905.65;1796.67;1.06;4061.02
253;07.01.16;06:11:01;0:10:37.161000;50.93119196;114.38;114.98;35.14;700;1178.06;1827;3815.45;4651.97;0.82;8901.04
254;06.01.16;06:10:39;0:12:04.078000;52.46819116;89.7;114.96;26.2;700;1143.55;1579;2570.83;3115.48;0.83;6229.52
255;05.01.16;05:50:57;0:11:16.844000;46.04828931;107.42;123.34;37.7;1049;1302.98;1674;1362.59;2596.18;0.52;4171.31
256;04.01.16;05:53:41;0:11:27.026000;43.25165978;122.24;125.92;41.31;1008;1387.23;1713;2063.17;3797.97;0.54;6509.1
257;03.01.16;06:00:58;0:11:48.766000;45.09989627;110.18;138.45;37.05;1014;1330.38;1755;1712.3;2511.77;0.68;4540.69
258;02.01.16;07:33:58;0:09:47.630000;46.95423527;111.03;136.41;35.32;952;1277.84;1641;1527.61;3828.31;0.4;5512
259;01.01.16;07:02:45;0:10:32.342000;49.9134833;102.97;162.21;29.04;719;1202.08;1717;4459.06;3726.16;1.2;9013.33
260;31.12.15;06:25:24;0:10:10.824000;46.21178863;113.28;117.54;37.31;1018;1298.37;1688;2123.36;3031.64;0.7;5883.5
261;30.12.15;06:10:55;0:11:18.195000;43.51389181;153.34;173.23;37.4;984;1378.87;1823;3976.18;5181.42;0.77;9646.57
262;29.12.15;06:49:47;0:10:23.349000;45.02273648;139.61;205.02;32.45;921;1332.66;1855;7175.85;4405.44;1.63;12495.24
263;28.12.15;06:57:34;0:10:15.011000;47.2433505;160.78;201.96;31.31;700;1270.02;2062;4732.16;5466.1;0.87;10875.51
264;27.12.15;07:33:06;0:07:23.169000;57.07871154;57.45;111.29;16.79;830;1051.18;1365;2148.46;1018.9;2.11;3459.81
265;26.12.15;06:26:18;0:10:37.175000;49.09662215;103.36;131.66;34.25;914;1222.08;1667;3003.18;3731.91;0.8;7018.35
266;25.12.15;06:30:22;0:11:29.185000;45.80432393;120.38;126.75;38.49;1049;1309.92;1809;1885.87;3285.1;0.57;5363.89
267;24.12.15;05:35:55;0:12:06.819000;44.50015204;133.01;141.27;40.82;1068;1348.31;1764;2707.67;4175.82;0.65;7401.5
268;23.12.15;05:46:58;0:11:46.150000;47.01567973;127.46;163.98;37.59;926;1276.17;1771;2739.54;3825.33;0.72;6754.42
269;22.12.15;05:28:04;0:11:00.679000;46.01191709;106.74;147.27;34.14;1031;1304.01;1741;2362.31;2792.37;0.85;5326.06
270;21.12.15;05:27:55;0:10:48.938000;45.79628287;106.02;133.89;34.09;1056;1310.15;1775;2243.82;3620.43;0.62;6034
271;20.12.15;06:12:01;0:11:36.927000;46.34457189;124.9;159.7;35.04;946;1294.65;1816;2581.11;4165.61;0.62;6949.08
272;19.12.15;06:50:42;0:09:13.433000;48.64049808;93.59;137.14;28.67;992;1233.54;1680;1326.45;2044.14;0.65;3479.83
273;18.12.15;05:26:17;0:11:42.680000;44.20247681;134.33;154.95;40.2;1035;1357.39;1848;2562.95;4743.48;0.54;7603.06
274;17.12.15;05:31:23;0:11:46.353000;47.65724906;125.09;126.2;34.32;700;1258.99;1802;3654.61;3799.96;0.96;7828.35
275;16.12.15;05:41:09;0:11:04.762000;46.12333379;141.89;148.37;35.99;965;1300.86;1771;3641.86;5787.57;0.63;9614.36
276;15.12.15;05:43:14;0:10:04.591000;49.77600796;91.72;124.98;30.82;904;1205.4;1646;2428.17;2489.54;0.98;5100.02
277;14.12.15;05:33:13;0:10:34.547000;46.9608503;106.37;124.64;34.69;1016;1277.66;1677;2563.63;2967.43;0.86;5720.49
278;13.12.15;06:12:37;0:10:32.617000;44.5990545;110.42;144.18;31.65;975;1345.32;1687;1779.21;2379.78;0.75;4947.08
279;12.12.15;06:27:58;0:10:11.666000;47.29846911;105.92;139.33;32.77;1031;1268.54;1927;3669.57;3001.49;1.22;7089.56
280;11.12.15;05:24:24;0:10:01.086000;47.0112592;130.32;116.2;38.51;1052;1276.29;1703;2440.1;4672.49;0.52;7487.28
281;10.12.15;05:37:52;0:10:29.287000;40.49539365;137.35;144.79;39.14;1088;1481.65;1827;5558.81;3733.43;1.49;9886.44
282;09.12.15;05:37:44;0:10:59.540000;46.02427013;117.11;192.73;32.4;740;1303.66;1803;2980.14;3914.7;0.76;7530.18
283;08.12.15;05:37:29;0:10:14.119000;41.36133956;133.82;141.58;39.52;1143;1450.63;1908;4804.65;3574.58;1.34;8728.58
284;07.12.15;05:34:37;0:10:58.038000;41.69011736;117.65;155.66;36.64;1029;1439.19;1853;2864.63;2822.91;1.01;6026.38
285;06.12.15;06:20:25;0:10:32.141000;42.67455672;110.03;123.07;38.65;1124;1405.99;1757;2117.58;2339.99;0.9;4864.31
286;05.12.15;06:25:39;0:11:44.992000;47.26344645;82.05;121.5;27.11;990;1269.48;1688;3143.75;1390.29;2.26;5000.04
287;04.12.15;05:20:11;0:10:10.911000;45.34222041;97.75;136.8;32.24;1037;1323.27;1605;3853.6;1961.17;1.96;6051.47
288;03.12.15;05:36:08;0:11:21.513000;50.73180631;93.94;112.52;30.5;893;1182.69;1556;2104.4;3275.51;0.64;5714.59
289;02.12.15;05:37:50;0:12:08.114000;48.87904067;118.15;130.94;34.95;700;1227.52;1685;1598.91;3604.95;0.44;5953.21
290;01.12.15;05:38:21;0:10:09.006000;46.62765486;114.39;126.2;37.88;936;1286.79;1614;1837.36;3000.44;0.61;5020.24
291;30.11.15;05:36:25;0:10:54.574000;44.83534221;143.2;171.35;36.21;1008;1338.23;1814;3527.32;5251.32;0.67;8979.61
292;29.11.15;06:47:06;0:08:06.888000;46.19222123;122.05;154.55;32.88;1012;1298.92;1693;1608.05;3759.24;0.43;5691.52
293;28.11.15;06:21:00;0:09:24.831000;48.21755762;95.82;110.62;34;1022;1244.36;1611;1064.48;2555.99;0.42;3833.57
294;27.11.15;05:25:05;0:10:10.277000;42.45142849;141.32;152.06;42.82;1124;1413.38;1888;2568.61;4297.73;0.6;7133.96
295;26.11.15;05:33:10;0:10:41.033000;41.1108142;144.59;148.53;42.26;1108;1459.47;1840;4975.31;3572.08;1.39;8744.11
296;25.11.15;05:36:37;0:10:40.713000;43.24542499;167.25;152.84;41.52;1029;1387.43;1885;3492.06;6510.81;0.54;10140.35
297;24.11.15;05:33:35;0:10:35.439000;41.88101603;133.71;133.81;37.36;1145;1432.63;1781;2243.45;4377.78;0.51;6783.73
298;23.11.15;05:35:20;0:10:36.654000;39.96962309;165.05;163.7;40.91;1038;1501.14;1898;2601.8;5553.03;0.47;8240.38
299;22.11.15;06:51:49;0:10:25.002000;48.34109476;121;141.24;32.31;700;1241.18;1666;2197.61;3693.05;0.6;5916.97
300;21.11.15;06:41:22;0:11:00.516000;50.18400803;91.65;89.09;30.66;700;1195.6;1525;1028.1;1900.88;0.54;3039.45
301;20.11.15;05:30:55;0:09:53.714000;45.35318795;121.39;150.54;34.32;1022;1322.95;1772;3992.2;3962.09;1.01;8229.91
302;19.11.15;05:35:16;0:10:39.403000;47.5775117;114.97;144.17;34.7;1006;1261.1;1700;2349.56;4271.54;0.55;6866.37
303;18.11.15;05:34:02;0:11:36.840000;46.47560031;115.87;126.53;36.47;1014;1291;1734;2488.18;3663.54;0.68;6510.12
304;17.11.15;05:32:47;0:10:41.689000;44.23213022;125.8;163.36;36.05;1018;1356.48;1798;5402.15;4080;1.32;9868.41
305;16.11.15;05:40:04;0:10:19.218000;44.62691896;105.39;115.59;36.64;1077;1344.48;1665;1792.38;3325.78;0.54;5534.28
306;15.11.15;05:57:34;0:10:59.160000;43.84843059;125.65;163.67;38.08;1000;1368.35;1836;2922.66;3541.81;0.83;7108.28
307;14.11.15;06:03:31;0:11:43.495000;45.68435159;133.56;151.93;37.76;935;1313.36;1762;2120.6;4705.84;0.45;7026.55
308;13.11.15;05:24:35;0:10:02.143000;41.56736685;143.95;159.26;41.08;1141;1443.44;1826;2879.48;4999.01;0.58;8130.82
309;12.11.15;05:36:01;0:10:12.180000;43.48456298;147.64;181.72;37.59;1030;1379.8;1814;3522.4;6334.43;0.56;10355.81
310;11.11.15;05:38:59;0:11:13.356000;48.21252079;105.07;120.16;33.02;897;1244.49;1671;1302.83;2527.69;0.52;3832.07
311;10.11.15;05:34:45;0:10:13.226000;43.55969857;153.28;155.08;38.85;1048;1377.42;1879;4878.93;5816.66;0.84;10992.59
312;09.11.15;05:20:14;0:10:36.624000;42.07101587;165.64;169.35;40.86;992;1426.16;1844;4498.37;6068.54;0.74;10983.22
313;08.11.15;05:57:02;0:11:05.279000;45.06805276;124.49;138.27;37.8;1049;1331.32;1854;3819.6;4566.37;0.84;8655.23
314;07.11.15;06:10:51;0:10:46.288000;44.67643095;118.35;131.68;36.21;1022;1342.99;1700;1629.72;3557.07;0.46;5304.22
315;06.11.15;05:37:39;0:10:32.650000;43.40968615;128.45;166.38;37.64;918;1382.18;1853;4111.66;3694.46;1.11;8187.61
316;05.11.15;05:40:11;0:10:57.473000;44.77946115;136.43;141.55;38.46;997;1339.9;1773;1766.51;4800.39;0.37;7238.55
317;04.11.15;05:28:05;0:10:23.561000;47.84002296;109.26;136.67;33.74;975;1254.18;1713;1716.59;3695.57;0.46;5765.33
318;03.11.15;05:43:22;0:10:32.578000;45.1450284;123.75;142.3;37.28;1041;1329.05;1703;2438.7;3806.31;0.64;6502.6
319;02.11.15;05:41:10;0:10:06.007000;43.60148245;133.93;142.89;40.78;1087;1376.1;1763;3008.45;4485.55;0.67;7836.23
320;01.11.15;05:33:49;0:10:53.091000;46.64614236;143.48;153.48;38.38;989;1286.28;1836;5944.3;7025.79;0.85;13462.65
321;31.10.15;06:20:20;0:10:23.533000;45.36073121;127.09;142.44;37.61;1061;1322.73;1822;2690.97;4274.1;0.63;7046.29
322;30.10.15;05:17:01;0:10:57.624000;45.03186004;114.71;135.37;35.95;1064;1332.39;1761;2096.46;3468.22;0.6;5593.14
323;29.10.15;05:39:05;0:08:21.844000;46.63671553;100.5;107.65;30.79;1010;1286.54;1624;1925.53;3160.28;0.61;5533.54
324;28.10.15;05:24:33;0:10:48.467000;45.90419794;137.18;181.8;35.4;929;1307.07;1779;3955.67;4140.29;0.96;8971.27
325;27.10.15;05:19:08;0:09:29.492000;53.0743306;88.33;81.45;27.57;700;1130.49;1633;878.25;2607.25;0.34;3622.48
326;26.10.15;05:28:16;0:10:13.717000;46.00239212;111.9;149.54;33.48;926;1304.28;1734;2468.25;3064.33;0.81;6155.27
327;25.10.15;05:25:30;0:11:56.485000;46.18404341;112.35;106.04;37.68;996;1299.15;1610;2274.39;3154.12;0.72;5749.03
328;24.10.15;06:20:53;0:11:53;42.69125683;135.75;127.14;40.93;1019;1405.44;1754;2169.01;3613.91;0.6;6371.78
329;23.10.15;06:18:08;0:10:40.989000;42.27942472;145.04;169.73;37.98;1018;1419.13;1859;3258.8;5016.88;0.65;8625.24
330;22.10.15;06:32:16;0:10:46.140000;43.99891469;122.65;104.64;39.96;1135;1363.67;1735;1606.65;4004.47;0.4;5837.14
331;21.10.15;06:30:31;0:10:50.350000;43.04006313;122.28;119.73;39.22;1139;1394.05;1748;1364.14;3629.56;0.38;5351.43
332;20.10.15;06:35:46;0:11:14.489000;42.73839118;130.48;136.86;37.97;1029;1403.89;1792;2339.8;4575.36;0.51;7020.07
333;19.10.15;06:25:04;0:10:45.303000;40.16252435;126.98;119.13;39.44;1220;1493.93;1820;1768.97;3604.97;0.49;5484.32
334;18.10.15;07:05:02;0:10:39.925000;42.34417344;145.66;123.77;43.95;1044;1416.96;1836;1940.34;5461.41;0.36;7582.32
335;17.10.15;07:36:31;0:10:24.667000;47.49277714;105.32;118.16;35.73;949;1263.35;1714;2153.71;4098.36;0.53;6473.77
336;16.10.15;06:20:27;0:10:32.282000;42.21784408;138.37;200.75;34.2;894;1421.2;1903;6137.48;3795.04;1.62;10360.81
337;15.10.15;06:33:49;0:12:08.642000;44.22006854;132.82;141.97;40.38;944;1356.85;1813;1999.8;4617.87;0.43;6751.7
338;14.10.15;06:24:14;0:11:02.557000;43.64366403;139.76;149.2;38.22;1008;1374.77;1843;3452.04;4633;0.75;8803.07
339;13.10.15;06:36:13;0:11:30.238000;46.51126735;103.11;119.08;33.97;896;1290.01;1606;1502.16;2693.98;0.56;5004.08
340;12.10.15;06:33:18;0:10:14.742000;39.91856613;138.25;156.37;38.06;1075;1503.06;1877;4829.45;3724.07;1.3;8660.37
341;11.10.15;07:27:00;0:11:09.326000;47.60771245;105.41;127.29;35.37;976;1260.3;1709;1849.22;3184.05;0.58;5138.51
342;10.10.15;07:21:38;0:10:29.784000;42.35194466;137.07;140.84;38.36;1002;1416.7;1744;2000.97;4477.76;0.45;6656.88
343;09.10.15;06:19:36;0:10:06.568000;43.48235703;136.19;131.74;39.49;700;1379.87;1853;2569.54;4306.47;0.6;7255.06
344;08.10.15;06:34:11;0:11:02.328000;42.98486933;144.92;200.83;36.27;982;1395.84;1887;7126.37;4424.73;1.61;12141.32
345;07.10.15;06:36:04;0:11:56.222000;43.27224734;135.48;155.86;40.71;700;1386.57;1799;2386.37;4479.69;0.53;7445.25
346;06.10.15;06:30:44;0:11:23.790000;44.45168842;126.01;168.33;35.08;700;1349.78;1872;3064.6;4081.26;0.75;7394.96
347;04.10.15;07:51:32;0:12:16.159000;48.0753822;89.59;127.92;25.91;951;1248.04;1780;2865.33;1767.69;1.62;4942.47
348;03.10.15;07:06:54;0:10:30.804000;47.84841622;111.31;180.07;28.54;700;1253.96;1736;3000.68;2459.39;1.22;5748.02
349;02.10.15;06:18:29;0:08:46.148000;44.0781064;175.38;247.69;38.92;271;1361.22;2190;20998.38;25577.14;0.82;49520.22
350;01.10.15;06:20:00;0:10:59.259000;46.46120489;125.07;142.75;36.55;944;1291.4;1685;2934.21;4007.29;0.73;7281.29
351;30.09.15;06:24:06;0:11:17.749000;51.12648693;88.46;109.97;31.79;880;1173.56;1541;1915.32;2739.04;0.7;5146.53
352;29.09.15;06:34:10;0:11:45.364000;47.91796444;133.29;134.11;36.01;892;1252.14;1838;5510.24;7075.48;0.78;12893
353;28.09.15;06:29:48;0:11:05.654000;45.70627623;112.5;118.98;39.24;1058;1312.73;1668;2148.35;3487.63;0.62;6206.88
354;27.09.15;06:38:54;0:10:38.393000;50.0976905;95.22;122.03;32.36;947;1197.66;1580;2083.42;3210.68;0.65;5523.2
355;26.09.15;07:32:36;0:10:01.148000;54.56132693;59.01;68.78;18.22;911;1099.68;1313;1691.19;943.27;1.79;2690.71
356;25.09.15;06:10:42;0:11:05.241000;50.30687192;100.01;113.1;30.76;832;1192.68;1788;2084.38;2910.82;0.72;5460.48
357;24.09.15;06:25:19;0:12:15.089000;51.42049107;87.28;117.34;26.61;868;1166.85;1694;1908.32;1932.54;0.99;4119.42
358;23.09.15;06:30:02;0:10:33.543000;48.14366068;108.53;134.62;34.62;944;1246.27;1686;2978.2;4479.94;0.66;7830.16
359;22.09.15;06:06:53;0:10:56.288000;43.71935091;142.95;140.93;41.63;991;1372.39;1800;2864.02;6824.93;0.42;10541.8
360;21.09.15;06:30:18;0:10:16.488000;47.04222039;124.47;128.45;39.41;969;1275.45;1619;2061.93;5819.12;0.35;8048.43
361;20.09.15;07:00:08;0:10:24.728000;49.50862688;99.02;140.44;29.92;961;1211.91;1723;3095.81;2699.04;1.15;6143.37
362;19.09.15;06:34:26;0:10:43.324000;50.41296621;69.4;78.84;23.31;1000;1190.17;1495;1338.1;1546.81;0.87;2928.31
363;18.09.15;06:18:59;0:10:02.132000;49.51230381;101.44;106.05;33.05;1030;1211.82;1712;2361.15;2701.61;0.87;5210.63
364;17.09.15;06:20:36;0:10:52.944000;47.28616801;100.72;126.85;32.87;983;1268.87;1647;5226.31;2572.84;2.03;7999.67
365;16.09.15;06:22:13;0:10:18.731000;48.76344042;120.07;171.67;34.69;264;1230.43;1673;2321.2;4888.06;0.47;7420.96
366;15.09.15;06:20:03;0:10:14.234000;43.01691999;141.65;176.61;39.07;1061;1394.8;1834;4729.68;5666.67;0.83;10964.67
367;14.09.15;06:21:16;0:11:54.116000;43.51610096;118.77;128.88;36.65;1052;1378.8;1677;2159.06;3673.63;0.59;6128.95
368;13.09.15;06:55:41;0:10:49.896000;44.90715446;94.49;139.97;27.92;1093;1336.09;1777;2248.68;2339.93;0.96;4860.85
369;12.09.15;07:44:29;0:11:15.752000;46.1407138;114.55;128.97;37.43;995;1300.37;1718;1622.65;4254.31;0.38;6072.28
370;11.09.15;06:42:59;0:10:56.358000;42.09078983;149.6;153.44;41.54;1051;1425.49;1764;2536.53;4937.9;0.51;7829.49
371;10.09.15;07:02:44;0:11:25.355000;49.97334755;88.59;143.23;24.36;928;1200.64;1663;3825.67;1810.99;2.11;5892.45
372;09.09.15;07:17:52;0:11:56.214000;45.77287499;130.13;217.28;30.1;743;1310.82;1828;3350.53;3321.65;1.01;7122.83
373;08.09.15;07:48:01;0:10:47.634000;41.81709204;139.71;151.92;34.78;1114;1434.82;1843;7438.17;4354.05;1.71;12410.56
374;07.09.15;06:48:14;0:09:30.555000;47.81409878;118.64;170.22;30.68;741;1254.86;1701;6168.62;3959.25;1.56;11698.28
375;06.09.15;07:10:46;0:09:14.355000;41.23314595;138.86;135.93;41.19;1125;1455.14;2082;1606.99;4579.01;0.35;6316.12
376;05.09.15;07:23:22;0:11:05.156000;49.76321006;110.07;221.58;27.85;664;1205.71;1935;7932.28;2372.67;3.34;11647.33
377;04.09.15;06:42:14;0:11:15.133000;44.72772;136.33;217.98;37.01;711;1341.45;1830;7803.6;5491.89;1.42;13692.37
378;03.09.15;07:20:38;0:11:21.591000;49.79418404;95.74;137.17;20.6;975;1204.96;1851;3939.83;2165.24;1.82;6595.26
379;02.09.15;07:19:00;0:08:51.602000;49.1094814;107.55;171.18;19.54;767;1221.76;1762;5700.72;3909.16;1.46;11313.33
380;01.09.15;07:08:15;0:10:11.255000;44.93809777;123.18;155.43;30.66;1034;1335.17;1851;4761.65;3210.45;1.48;8263.99
381;31.08.15;06:23:19;0:09:19.156000;43.27661692;135.41;131.04;37.84;1081;1386.43;1723;4611.41;5425.11;0.85;10574.16
382;30.08.15;07:16:36;0:12:11.356000;46.01544585;103.49;145;33.64;1010;1303.91;1714;2628.75;2868.03;0.92;5984.59
383;29.08.15;06:58:06;0:08:47.810000;45.96785315;106.51;127.27;35.37;997;1305.26;1648;1877.33;2986.78;0.63;4970.29
384;28.08.15;06:27:39;0:10:53.086000;47.86979416;93.22;115.91;32.28;1010;1253.4;1814;3677.93;2611.53;1.41;6523.03
385;27.08.15;06:45:17;0:10:46.262000;41.25469272;134.44;141.46;38.57;1092;1454.38;1858;3613.19;3801.22;0.95;7534.66
386;26.08.15;06:46:21;0:11:25.405000;44.36983738;126.2;152.73;37.9;1077;1352.27;1777;2642.61;4144.02;0.64;6880.73
387;25.08.15;06:46:11;0:12:11.422000;45.20250723;102.33;100.8;36.85;1114;1327.36;1834;3117.28;2877.85;1.08;6403.29
388;24.08.15;06:47:37;0:06:18.345000;44.2530092;101.65;114.04;33.94;1106;1355.84;1676;1624.06;1924.31;0.84;3690.16
389;23.08.15;06:54:19;0:10:38.845000;42.24310909;112.47;99.5;36.57;1147;1420.35;1762;1876.52;2717.82;0.69;4749.54
390;22.08.15;07:49:24;0:11:11.187000;48.03035518;78.88;118.9;19.13;700;1249.21;1655;2063.51;1091.14;1.89;3218.13
391;21.08.15;07:41:03;0:10:43.018000;42.80424904;116.52;125.14;33.56;1103;1401.73;1783;4467.05;3215.25;1.39;8250.35
392;20.08.15;07:14:18;0:10:20.390000;42.82624678;109.33;130.96;34.17;1010;1401.01;1917;2252.91;1980.43;1.14;4323.65
393;19.08.15;07:34:51;0:11:45.965000;42.49382069;113.03;121.41;34.15;1032;1411.97;1773;2810.06;2513.19;1.12;5998.08
394;18.08.15;07:47:26;0:11:22.422000;41.65278241;146.54;143.42;34.73;1044;1440.48;1945;7959.64;5020.27;1.59;13754.67
395;17.08.15;07:52:13;0:12:15.737000;44.26704835;114.9;128.83;28.57;966;1355.41;1839;5269.26;3695.72;1.43;9474.77
396;16.08.15;07:35:48;0:12:11.549000;42.00768741;94.61;102.6;31.62;1153;1428.31;1722;2229.37;2221.87;1;4871.14
397;15.08.15;07:38:37;0:11:11.098000;40.59897014;131.13;142.99;35.89;1018;1477.87;1879;7136.42;3521.62;2.03;11102.59
398;14.08.15;07:30:06;0:11:37.052000;41.48230088;119.89;116.98;33.05;1076;1446.4;1761;3099.5;3168.99;0.98;6535.7
399;13.08.15;08:00:51;0:11:05.080000;43.88242436;97.94;115.09;30.04;1008;1367.29;1703;3237.36;2089.28;1.55;5852.67
400;12.08.15;07:29:29;0:11:23.140000;42.04625088;120.73;155.92;30.08;1012;1427;1810;3642.07;2681.42;1.36;7372.25
401;11.08.15;07:58:40;0:11:03.405000;45.59166584;74.71;101.87;25.3;974;1316.03;1615;1813.53;1181.27;1.54;3260.98
402;10.08.15;07:29:03;0:10:52.203000;42.4376167;124.63;102.23;35.82;1064;1413.84;1746;2144.7;3431.42;0.63;5940.05
403;09.08.15;06:49:36;0:11:49.309000;45.85192884;111.33;142.92;33.14;960;1308.56;1796;2539.42;2400.98;1.06;5129.12
404;08.08.15;06:39:38;0:11:11.917000;41.1167304;138.35;137.96;37.67;1130;1459.26;1826;3857.73;3864.5;1;7871.3
405;07.08.15;06:35:33;0:12:21.608000;46.21890816;109.03;112.12;36.4;1094;1298.17;1857;4310.09;2932.09;1.47;7946.64
406;06.08.15;06:32:42;0:11:36.479000;46.06419814;102.15;148.44;33.52;987;1302.53;1769;1825.67;2503.75;0.73;4516.76
407;05.08.15;06:32:56;0:11:02.365000;44.88028185;132.01;170.74;38.04;783;1336.89;1770;4015.63;4402.99;0.91;8729.96
408;04.08.15;06:43:51;0:11:32.475000;48.87864248;87.82;150.95;29.26;773;1227.53;1624;2864.77;1712.55;1.67;5294.33
409;03.08.15;06:48:37;0:11:45.664000;45.07109966;112.29;131.61;35.32;1075;1331.23;1764;2991.48;3090.86;0.97;6337.05
410;02.08.15;06:55:05;0:12:15.060000;46.59470374;98.69;119.76;33.27;1035;1287.7;1743;2118.66;2838.46;0.75;4994.11
411;01.08.15;07:00:23;0:12:12.705000;42.91354351;132.58;113.04;42;1069;1398.16;1783;2106.01;5130.43;0.41;7394.16
412;31.07.15;06:30:19;0:12:12.083000;42.26780884;129.14;107.15;39.49;1152;1419.52;1742;2118.55;3742.03;0.57;6121.8
413;30.07.15;06:25:40;0:10:52.996000;40.94556969;138.5;122.82;38.91;1113;1465.36;1817;1741.95;4243.28;0.41;6174.59
414;29.07.15;06:28:27;0:10:46.393000;41.06157868;140.17;129.08;40.18;1078;1461.22;1825;2656.46;4744.26;0.56;7350.28
415;28.07.15;06:48:01;0:10:56.250000;41.09279438;120.35;144.72;38.51;1153;1460.11;1925;2350.62;3621.36;0.65;6043.32
416;27.07.15;06:29:54;0:10:53.177000;41.96361754;131.24;123.32;41.15;1094;1429.81;1817;1877.33;3598.99;0.52;5597.5
417;26.07.15;06:54:30;0:10:38.151000;42.69824439;119.84;116.18;39.73;1166;1405.21;1759;1985.9;3366.29;0.59;5501
418;25.07.15;07:17:20;0:12:12.587000;44.27750186;113.55;135.63;34.46;1126;1355.09;1793;2571.87;3219.62;0.8;6045.23
419;24.07.15;06:35:46;0:10:49.185000;42.87398621;116.4;130.81;39.13;1090;1399.45;1767;1548.45;3139.48;0.49;4780.36
420;23.07.15;06:22:35;0:11:04.917000;41.86815717;133.45;120.89;37.5;1081;1433.07;1799;3621.68;4444.33;0.81;8394.84
421;22.07.15;06:22:58;0:10:27.845000;40.95507229;131.53;136.55;37.88;1118;1465.02;1808;3660.71;4400.41;0.83;8399.53
422;21.07.15;06:30:59;0:10:35.103000;48.35823783;108.75;194.48;29.93;774;1240.74;1756;2031.37;2549.16;0.8;5342.01
423;20.07.15;06:26:53;0:10:27.286000;39.36362145;137.2;132.44;39.22;1084;1524.25;1873;5969.06;3643.64;1.64;10057
424;19.07.15;07:07:39;0:11:25.002000;45.36107415;114.65;127.92;37.5;1049;1322.72;1733;1980.85;3047.79;0.65;5434.64
425;18.07.15;07:29:37;0:12:12.233000;50.09643564;74.16;101.45;26.53;963;1197.69;1601;1621.92;1526.82;1.06;3261.51
426;17.07.15;06:35:54;0:10:45.580000;46.9608503;97.85;143.28;29.47;889;1277.66;1796;4133.79;2470.76;1.67;7144.96
427;16.07.15;06:20:16;0:10:24.129000;43.67924872;127.9;161.77;38.7;1061;1373.65;1805;2445.06;3750.76;0.65;6657.95
428;15.07.15;06:19:25;0:10:08.595000;45.92317054;110.3;171.19;30.26;986;1306.53;1742;3437.59;3767.15;0.91;8056.25
429;14.07.15;06:30:24;0:10:16.932000;40.52137503;127.02;167.98;38.01;1107;1480.7;1880;6277.64;3596.09;1.75;10568.98
430;13.07.15;06:40:34;0:10:31.729000;45.10260843;131.15;178.8;34.77;807;1330.3;1937;4945.6;3663.14;1.35;8978.72
431;10.07.15;06:19:42;0:10:10.856000;49.93882494;87.13;119.15;29.66;860;1201.47;1861;3228.29;2039.66;1.58;5689.56
432;09.07.15;06:21:39;0:10:32.878000;43.36983628;140.82;168.67;36.55;972;1383.45;2088;4334.22;4164.57;1.04;8655.26
433;08.07.15;06:20:32;0:11:42.139000;44.65980394;152.49;186.5;34.98;930;1343.49;1922;5508.28;6526.37;0.84;12687.69
434;07.07.15;06:42:43;0:09:52.063000;42.83572499;131.43;156.6;41.46;1049;1400.7;1795;6692.64;4075.54;1.64;11131.15
435;06.07.15;06:30:30;0:11:40.643000;46.55132283;111.64;149.04;33.46;929;1288.9;1671;2543.75;3638.88;0.7;6605.37
436;04.07.15;06:20:47;0:10:46.606000;45.28506951;148.91;177.62;39.41;700;1324.94;1844;2444.19;4916.89;0.5;7633.75
437;03.07.15;06:34:24;0:11:11.065000;47.92026069;120.49;160.2;30.86;857;1252.08;1772;4957.43;4086.18;1.21;9281.62
438;02.07.15;06:22:24;0:11:04.947000;47.21695403;125.32;176.35;32.74;986;1270.73;1827;3697.24;4322.14;0.86;8248.84
439;01.07.15;06:43:55;0:09:23.149000;53.59152539;86.04;137.77;24.9;846;1119.58;1754;1961.16;1582.92;1.24;3881.71
440;30.06.15;06:43:34;0:11:37.894000;49.9134833;89.17;121.68;27.37;920;1202.08;1691;1358.16;1901.22;0.71;3348.54
441;29.06.15;06:34:22;0:11:19.103000;46.64432922;98.6;112.59;33.59;1063;1286.33;1653;2058.58;2713.68;0.76;4865.09
442;28.06.15;07:18:57;0:11:12.924000;45.06737573;125.55;173.2;37.15;960;1331.34;1821;4390.18;4592.44;0.96;9141.77
443;27.06.15;07:31:58;0:10:12.535000;43.16764154;114.31;127.7;35.24;1061;1389.93;1680;6352.99;2541.68;2.5;9134.32
444;26.06.15;06:44:06;0:10:48.190000;49.06650965;92.69;132.98;31.15;979;1222.83;1664;1500.06;2522.38;0.59;4153.15
445;25.06.15;06:16:58;0:10:45.112000;42.22883807;118.04;130.24;37.42;1111;1420.83;1804;3494.03;3163.75;1.1;6741.6
446;24.06.15;06:20:29;0:11:18.709000;44.88028185;144.23;170.09;38.15;919;1336.89;1826;2098.45;6492.43;0.32;8890.91
447;23.06.15;06:38:58;0:10:58.212000;47.11647192;129.74;163.06;36.6;700;1273.44;1932;5736.04;4321.94;1.33;10333.81
448;22.06.15;06:20:11;0:10:06.224000;41.2597992;140.11;147.36;38.59;1136;1454.2;1830;3240.18;4169.23;0.78;7614.11
449;21.06.15;07:03:33;0:11:12.354000;47.08910829;124.98;157.55;34.66;991;1274.18;1753;3132.61;4186.08;0.75;7514.2
450;20.06.15;07:05:51;0:11:34.210000;46.00909446;112.84;139.61;35.48;1000;1304.09;1741;1777.22;3737.32;0.48;5695.76
451;19.06.15;06:34:46;0:10:04.552000;44.29221048;81.27;127.71;27.17;1059;1354.64;1718;3710.7;1259.15;2.95;5275.63
452;18.06.15;06:24:09;0:10:05.810000;48.59952372;138.98;161.18;35.43;920;1234.58;2153;6043.03;4763;1.27;11367.14
453;17.06.15;06:26:14;0:12:11.779000;48.71513823;145.99;156.45;31.36;700;1231.65;2110;2544.08;3461.84;0.73;6398.86
454;16.06.15;06:40:08;0:11:25.002000;47.30406263;109.49;131.15;34.42;1031;1268.39;1790;2451.85;3126.38;0.78;5937.66
455;15.06.15;06:38:00;0:11:06.139000;40.16037376;108.14;130.72;35.39;1154;1494.01;1850;6471.8;1608.87;4.02;8377.83
456;14.06.15;07:16:54;0:11:05.249000;45.22942626;115.89;144.8;36.97;1044;1326.57;1745;1830.57;3016.5;0.61;5460.75
457;13.06.15;06:59:55;0:10:55.486000;44.02700323;118.47;147.16;36.42;998;1362.8;1803;3305.9;3668.45;0.9;7429.86
458;12.06.15;06:28:44;0:11:50.049000;46.82159412;121.15;122.03;36.93;1018;1281.46;1749;1663.91;4401.2;0.38;6181.47
459;11.06.15;06:26:35;0:10:26.145000;42.38724992;124.11;148.76;37.76;1103;1415.52;1839;1808.8;3652.49;0.5;5722.72
460;10.06.15;06:28:46;0:09:11.835000;41.97536046;146.37;136.32;40.79;1144;1429.41;1892;2653.46;6179.62;0.43;9038.49
461;09.06.15;06:44:35;0:11:11.487000;40.46507864;153.11;159.97;38.75;1059;1482.76;1841;7516.13;4695.96;1.6;13068.05
462;08.06.15;06:47:37;0:11:07.880000;42.30714991;140.17;140.75;36.15;1127;1418.2;1836;5282.68;5059.19;1.04;10625.13
463;07.06.15;06:56:55;0:12:26.633000;44.68940861;116.5;132.14;38.07;1038;1342.6;1738;3476.74;4163.17;0.84;7844.87
464;06.06.15;07:09:59;0:11:32.313000;48.47505554;91.97;146.86;31.16;949;1237.75;1679;2102.44;2794.92;0.75;4964.2
465;05.06.15;06:37:09;0:11:38.386000;44.08911881;122.51;171.03;37.75;1000;1360.88;1934;4172.08;3674.12;1.14;8211.85
466;04.06.15;06:52:14;0:10:53.227000;43.27099906;136.64;147.93;40.43;700;1386.61;1793;2104.16;4981.45;0.42;7159.84
467;03.06.15;06:35:28;0:11:05.126000;45.39608081;107.69;115.2;39.2;1057;1321.7;1775;1106.74;3051.31;0.36;4499.01
468;02.06.15;06:32:09;0:11:41.789000;41.78098408;121.85;132.91;36.36;1148;1436.06;1854;1796;4623.89;0.39;6531.57
469;01.06.15;06:46:05;0:11:07.247000;41.74232463;131.1;150.31;38.78;1089;1437.39;1893;3616.39;4249.4;0.85;8170.08
470;31.05.15;07:17:30;0:11:58.898000;46.43315947;109.86;128.31;38.55;1033;1292.18;1729;1606.65;3684.23;0.44;5517.18
471;30.05.15;07:48:36;0:11:34.657000;43.01106101;134.82;134.49;38.98;1065;1394.99;1771;2723.52;4868.88;0.56;7867.6
472;29.05.15;07:31:40;0:12:56.281000;47.84078586;93.49;123.14;25;1028;1254.16;1793;2033.53;1780.61;1.14;3948.54
473;28.05.15;06:41:17;0:13:16.734000;42.70249881;125.62;116.24;39.82;1137;1405.07;1795;1712.92;4125.04;0.42;6002.28
474;27.05.15;06:32:15;0:11:40.534000;41.24278251;135.02;137.71;41.95;1043;1454.8;1795;2006.56;4458.94;0.45;6740.15
475;26.05.15;06:29:22;0:12:22.851000;41.24533412;144.87;144.87;42;1154;1454.71;1861;3125.18;4910.05;0.64;8292.28
476;24.05.15;07:24:23;0:11:25.935000;45.66314299;120.95;139.5;36.12;988;1313.97;1722;2254.13;3939.45;0.57;6754.12
477;23.05.15;07:00:48;0:11:18.553000;44.80152923;120.37;160.97;36.55;985;1339.24;1790;1626.66;3667.64;0.44;5414
478;22.05.15;06:28:47;0:11:28.239000;46.57228018;104.67;138.33;35.85;967;1288.32;1740;2777.81;3266.01;0.85;6650.78
479;21.05.15;06:27:44;0:11:30.376000;45.30866528;122.95;135.75;38.97;1022;1324.25;1743;3068.62;3829.28;0.8;7057.34
480;20.05.15;06:28:54;0:11:45.146000;46.33240411;172.82;163.83;36.13;631;1294.99;2199;4025.29;6153.6;0.65;10634.07
481;19.05.15;06:27:15;0:11:35.215000;43.0650857;148.89;157.67;40.45;1070;1393.24;1782;3351;6346.4;0.53;9877.03
482;18.05.15;06:26:45;0:11:06.516000;42.77769856;138.16;150.75;39.96;1012;1402.6;1881;2826.93;4501.86;0.63;7780.94
483;17.05.15;06:51:19;0:11:28.285000;42.54413954;125.12;167.26;38.83;1049;1410.3;1863;3052.91;3852.52;0.79;7347.32
484;16.05.15;07:03:53;0:11:21.446000;43.68274677;115.92;139.61;36.81;1080;1373.54;1770;2995.62;3490.09;0.86;6856.79
485;15.05.15;06:47:34;0:11:44.115000;40.79329358;146.23;155.74;41.35;1064;1470.83;1866;4947.72;5340.95;0.93;10685.33
486;14.05.15;07:17:24;0:06:47.504000;44.89438596;130.34;155.9;39.13;1048;1336.47;1767;2372.6;5418.48;0.44;7954.71
487;13.05.15;06:23:53;0:10:39.432000;44.61265066;114.26;143.38;37.07;1051;1344.91;1723;4043.52;3565.31;1.13;8507.41
488;12.05.15;06:40:20;0:10:30.141000;42.9504066;156.27;176.32;40.46;889;1396.96;1891;7003.23;5526.55;1.27;13399.38
489;11.05.15;06:38:06;0:11:36.125000;41.59070586;128.92;148.22;38.48;1071;1442.63;1794;4450;3529.54;1.26;8296.34
490;10.05.15;06:47:05;0:11:26.661000;43.87119417;118.45;165.25;37.17;1006;1367.64;1815;3346.01;3670.55;0.91;7507.98
491;09.05.15;06:57:37;0:11:22.700000;46.070211;109.82;154.37;33.85;1008;1302.36;1767;3900.11;2839.28;1.37;7168.09
492;08.05.15;06:31:13;0:10:43.646000;45.92774036;114.42;173.07;33.03;828;1306.4;1868;3304.69;2861.91;1.15;6721.71
493;07.05.15;06:29:23;0:11:38.654000;46.93109733;100.79;126.08;34.08;943;1278.47;1695;1840.33;3074.27;0.6;4974.79
494;06.05.15;06:30:03;0:12:11.554000;47.26828692;153.37;146.75;36.13;700;1269.35;2122;3020.31;3462.12;0.87;6789.84
495;05.05.15;06:34:37;0:11:06.102000;46.90761545;105.68;118.16;33.4;1053;1279.11;1803;5258.03;2953.49;1.78;8433.06
496;04.05.15;06:33:54;0:11:15.515000;41.41301197;121.9;125.58;41.7;1120;1448.82;1825;2319.21;3806.61;0.61;6562.81
497;03.05.15;06:48:30;0:13:08.530000;44.77545111;114.45;124.64;38.22;1063;1340.02;1781;2215.35;3644.61;0.61;5943.38
498;02.05.15;07:27:45;0:12:18.420000;44.71438685;116.25;145.62;38.56;1010;1341.85;1709;2116.78;3451.89;0.61;5909.41
499;01.05.15;07:28:21;0:11:07.951000;48.50679904;94.38;110.47;34.48;977;1236.94;1620;2940.1;2588.21;1.14;5795.92
500;30.04.15;06:23:21;0:10:59.824000;42.58339248;106.33;146.87;36.03;1020;1409;1891;3887.23;2831.68;1.37;6919.27
501;29.04.15;06:20:52;0:11:16.802000;43.24137335;139.93;154.3;38.68;1010;1387.56;2174;2218.01;4072.11;0.54;6456.31
502;28.04.15;06:42:16;0:10:57.036000;42.79325864;143.58;154.41;39.52;1073;1402.09;1852;2390.38;4842.38;0.49;7141.77
503;27.04.15;06:43:32;0:11:02.530000;41.05371194;120.97;141.39;37.44;1073;1461.5;1953;3613.25;3333.58;1.08;7301.93
504;26.04.15;07:14:00;0:10:56.199000;42.9571717;116.46;159.71;38.36;1018;1396.74;1855;2975.35;3758.24;0.79;6975.52
505;25.04.15;06:52:03;0:11:46.082000;44.74539868;128.02;159.37;37.4;1020;1340.92;1813;2931.79;5343.86;0.55;9029.51
506;24.04.15;06:34:26;0:11:06.066000;45.64994104;141.31;164.4;40.62;923;1314.35;1895;4813.19;6210.47;0.78;11939.12
507;23.04.15;06:29:04;0:10:03.434000;44.85947769;129.79;145.5;40.87;995;1337.51;1837;2207.72;4973.3;0.44;7568.23
508;22.04.15;06:25:12;0:12:44.284000;41.89388279;122.82;139.51;36.5;1128;1432.19;1898;3736.05;3453.72;1.08;7367.88
509;21.04.15;06:33:12;0:11:31.447000;45.06432933;118.63;133.76;38.05;1053;1331.43;1701;1939.01;3292.22;0.59;5361.19
510;20.04.15;06:23:44;0:11:23.656000;40.29252372;158.36;151.84;42.22;1133;1489.11;1903;5160.44;6427.85;0.8;11893.46
511;19.04.15;07:43:22;0:11:03.092000;47.99616031;102.39;145.61;32.43;962;1250.1;1661;2223.32;2580.03;0.86;4901.17
512;18.04.15;07:00:38;0:10:07.733000;53.0349235;74.18;112.01;23.12;897;1131.33;1473;808.81;2412.44;0.34;3456.45
513;17.04.15;06:35:39;0:11:44.151000;45.54874855;123.93;134.35;39.54;1042;1317.27;1700;3722.69;4149.2;0.9;8048.03
514;16.04.15;06:22:12;0:11:23.206000;42.68123519;148.18;163.73;36.62;943;1405.77;1820;4795.72;5385.19;0.89;10320.01
515;15.04.15;06:23:36;0:12:12.283000;44.50477314;126.61;141.65;36.13;1027;1348.17;1906;5319.79;4448.13;1.2;10269.13
516;14.04.15;06:33:34;0:11:54.027000;47.54471184;121.18;140.58;34.44;941;1261.97;1902;3673.19;3828.88;0.96;8019.72
517;13.04.15;06:41:42;0:11:36.084000;46.69406052;156.81;177.29;36.48;950;1284.96;2059;13570.1;7320.9;1.85;22318.35
518;12.04.15;06:35:15;0:11:14.267000;46.75774035;110.32;126.86;33.85;1004;1283.21;1720;1467;3482.47;0.42;5151.96
519;11.04.15;06:58:36;0:11:13.802000;46.40407118;118.22;137.02;37.52;1006;1292.99;1691;1862.37;3832.79;0.49;6015.15
520;10.04.15;06:33:35;0:10:32.211000;50.72794603;84.39;108.43;29.39;902;1182.78;1501;1298.52;1660.1;0.78;3419.8
521;09.04.15;06:33:53;0:12:49.731000;47.1198021;177.61;165.31;40.14;952;1273.35;2177;6133.59;10737.79;0.57;16906.55
522;08.04.15;06:33:17;0:12:32.326000;44.54772918;121.58;149.39;38.49;993;1346.87;1832;4354.92;4280.91;1.02;8929.65
523;07.04.15;06:43:12;0:11:00.187000;44.35278203;112.91;127.53;34.24;1091;1352.79;1683;2831.11;2450.01;1.16;5542.97
524;06.04.15;07:23:18;0:12:10.929000;45.92492805;148.47;144.88;37.69;1004;1306.48;2156;3202.63;4921.99;0.65;8098.43
525;05.04.15;07:27:36;0:12:18.589000;44.92262079;137.4;138.15;40.99;1035;1335.63;1761;2709.76;4867.65;0.56;7905.55
526;04.04.15;07:34:30;0:10:23.160000;45.14638716;135.64;119.58;40.44;1087;1329.01;1664;1736.48;4539.64;0.38;6549.85
527;03.04.15;07:14:41;0:12:12.268000;45.55635701;122.39;145.71;36.98;1035;1317.05;1808;2556.96;4506.26;0.57;7500.36
528;02.04.15;06:43:04;0:10:22.583000;46.0429888;112.77;127.54;35.53;1069;1303.13;1722;1159.89;4180.41;0.28;5569.46
529;01.04.15;06:43:37;0:11:56.843000;43.79402212;142.18;173.76;36.31;1047;1370.05;1797;4372.15;5806.74;0.75;10361.65
530;31.03.15;06:34:26;0:10:36.744000;43.40466166;135.91;142.34;40.31;1065;1382.34;1834;1264.35;4430.75;0.29;5803.77
531;30.03.15;06:36:42;0:10:41.388000;41.45134993;156.8;151;42.01;1132;1447.48;1889;2630.38;6654.14;0.4;9552.18
532;29.03.15;07:26:23;0:09:03.622000;43.64810895;135.01;153.47;38.46;1081;1374.63;1867;3116.37;5191.42;0.6;8312.63
533;28.03.15;06:01:39;0:11:15.562000;44.62658703;138.57;171.42;36.97;1042;1344.49;1852;2917.32;4915.82;0.59;8165.37
534;27.03.15;05:20:00;0:10:39.115000;44.37475964;149.44;160.87;38.63;1020;1352.12;1868;2528.24;6248.37;0.4;9171.02
535;25.03.15;05:36:51;0:11:47.568000;46.31595199;120.65;141.93;38.75;1030;1295.45;1710;1362.58;3654.68;0.37;5123.96
536;24.03.15;05:37:39;0:11:18.448000;44.18489907;147.62;154.53;38.37;1068;1357.93;1826;3262.09;7434.96;0.44;10992.42
537;23.03.15;05:38:49;0:11:48.129000;45.8256639;118.19;139.52;36.11;991;1309.31;1742;2062.91;3967.07;0.52;6382.89
538;22.03.15;05:51:15;0:11:31.100000;44.48002847;133.62;154.39;39.53;940;1348.92;1783;1388.82;5559.43;0.25;7161.37
539;21.03.15;06:15:04;0:10:37.060000;44.07778259;123.43;141.28;38.13;1032;1361.23;1770;1532.72;3818.26;0.4;5518.22
540;20.03.15;05:38:40;0:10:53.621000;46.50045338;133.57;129.7;38.03;900;1290.31;1615;1832.36;5136.28;0.36;6974.3
541;19.03.15;05:19:03;0:11:15.181000;41.82292175;156.83;179.19;38.16;1033;1434.62;2028;5500.07;6633.5;0.83;12389.22
542;18.03.15;05:19:49;0:11:13.203000;44.9876284;136.07;143.88;39.47;1010;1333.7;1827;1874.47;4629.09;0.4;6581.41
543;17.03.15;05:30:57;0:11:19.368000;44.02829552;134.4;165.68;40.73;955;1362.76;1856;2188.32;4802.9;0.46;7249.16
544;16.03.15;05:37:09;0:11:30.609000;44.95830118;142.84;170.8;38.74;700;1334.57;1805;2445.55;5048.64;0.48;7684.54
545;14.03.15;04:28:07;0:06:52.783000;43.77038058;158.64;125.12;45.95;1129;1370.79;1678;1154.57;5576.42;0.21;6862.7
546;13.03.15;05:34:23;0:11:19.802000;48.14559227;139.82;144.29;35.74;969;1246.22;1789;3279.34;5133.94;0.64;9197.83
547;12.03.15;05:20:35;0:12:00.715000;41.38673141;185.45;175.34;44.19;1044;1449.74;1928;4854.52;7548.29;0.64;13557.12
548;11.03.15;05:04:43;0:11:13.543000;43.12916466;149.98;148.1;40.84;996;1391.17;1821;2177.64;5112;0.43;7331.3
549;10.03.15;05:40:00;0:11:43.313000;44.02183483;139.9;150.8;39.6;984;1362.96;1828;2581.02;4624.38;0.56;7554.42
550;09.03.15;05:36:21;0:11:08.437000;45.87296248;126.11;159;38.48;950;1307.96;1789;3804.84;4266.64;0.89;8724.61
551;08.03.15;05:55:07;0:12:19.157000;47.93480866;110.9;129.11;36.68;942;1251.7;1728;2742.43;3505.81;0.78;6518.88
552;07.03.15;06:31:53;0:10:17.978000;50.97272959;99;118.25;28.63;917;1177.1;1746;1904.71;2970.92;0.64;5592.65
553;06.03.15;05:40:10;0:11:43.604000;47.12461319;123.16;162.34;35.02;955;1273.22;1816;3955.31;5045.2;0.78;9757.16
554;05.03.15;05:21:43;0:11:27.146000;47.80000478;125.79;154.65;35.98;940;1255.23;1928;2651.25;4265.42;0.62;7198.21
555;04.03.15;05:37:31;0:11:19.446000;42.91507821;131.19;147.61;40.08;1130;1398.11;1907;2108.93;4907.71;0.43;7321.37
556;03.03.15;05:49:08;0:11:15.186000;41.20256555;143.37;134.87;42.61;1121;1456.22;1818;2161.89;4647.29;0.47;7223.97
557;02.03.15;05:48:25;0:11:59.397000;43.30754129;122.6;141.21;36.38;1102;1385.44;1809;2532.21;4123.2;0.61;6905.28
558;01.03.15;06:02:26;0:11:46.702000;44.4635473;116.01;155.04;37.41;882;1349.42;1744;2500.88;3459.34;0.72;6053.27
559;28.02.15;06:07:51;0:11:56.851000;41.52622727;129.26;130.43;39.55;1142;1444.87;1837;2153.56;4704.39;0.46;7011.05
560;27.02.15;05:47:55;0:10:33.921000;44.90681835;127.74;143.51;37.74;949;1336.1;1679;1490.03;4396.75;0.34;6202.66
561;26.02.15;05:23:53;0:12:11.591000;42.59397295;150.28;150.19;43;1030;1408.65;1858;1551.28;5283.34;0.29;7117.77
562;25.02.15;05:45:59;0:11:20.961000;42.57130694;121.85;135.7;38.51;1107;1409.4;1806;1568.39;4165.95;0.38;6093.61
563;23.02.15;07:36:30;0:12:12.876000;51.94265531;73.45;74.31;26.91;944;1155.12;1436;1463.46;1131.88;1.29;2689.19
564;17.02.15;10:32:27;0:23:55.177000;53.79429063;78.99;149.33;20.98;635;1115.36;1672;5945.21;1519.27;3.91;8286.47
